attack_name,source_level,resistance_score,resist_0,resist_25,resist_50,resist_75,misses,hits,analysis
Area Burn,27,143,0,0,0,2,5,2,"Hits: 28.57%, [ 8.22%, 64.11%], 2 / 7 attacks; Misses: 71.43%, [35.89%, 91.78%], 5 / 7 attacks; 0% resist:  0.00%, [ 0.00%, 65.76%], 0 / 2 hits; 25% resist:  0.00%, [ 0.00%, 65.76%], 0 / 2 hits; 50% resist:  0.00%, [ 0.00%, 65.76%], 0 / 2 hits; 75% resist: 100.00%, [34.24%, 100.00%], 2 / 2 hits"
Fire Shield Effect II,24,85,0,5,16,5,235,26,"Hits:  9.96%, [ 6.89%, 14.20%], 26 / 261 attacks; Misses: 90.04%, [85.80%, 93.11%], 235 / 261 attacks; 0% resist:  0.00%, [ 0.00%, 12.87%], 0 / 26 hits; 25% resist: 19.23%, [ 8.51%, 37.88%], 5 / 26 hits; 50% resist: 61.54%, [42.53%, 77.57%], 16 / 26 hits; 75% resist: 19.23%, [ 8.51%, 37.88%], 5 / 26 hits"
Fire Shield Effect II,24,86,0,5,9,7,195,21,"Hits:  9.72%, [ 6.45%, 14.41%], 21 / 216 attacks; Misses: 90.28%, [85.59%, 93.55%], 195 / 216 attacks; 0% resist:  0.00%, [ 0.00%, 15.46%], 0 / 21 hits; 25% resist: 23.81%, [10.63%, 45.09%], 5 / 21 hits; 50% resist: 42.86%, [24.47%, 63.45%], 9 / 21 hits; 75% resist: 33.33%, [17.19%, 54.63%], 7 / 21 hits"
Fire Shield Effect II,24,143,0,0,1,2,26,3,"Hits: 10.34%, [ 3.58%, 26.39%], 3 / 29 attacks; Misses: 89.66%, [73.61%, 96.42%], 26 / 29 attacks; 0% resist:  0.00%, [ 0.00%, 56.15%], 0 / 3 hits; 25% resist:  0.00%, [ 0.00%, 56.15%], 0 / 3 hits; 50% resist: 33.33%, [ 6.15%, 79.23%], 1 / 3 hits; 75% resist: 66.67%, [20.77%, 93.85%], 2 / 3 hits"
Fire Shield Effect II,25,143,0,0,0,1,3,1,"Hits: 25.00%, [ 4.56%, 69.94%], 1 / 4 attacks; Misses: 75.00%, [30.06%, 95.44%], 3 / 4 attacks; 0% resist:  0.00%, [ 0.00%, 79.35%], 0 / 1 hits; 25% resist:  0.00%, [ 0.00%, 79.35%], 0 / 1 hits; 50% resist:  0.00%, [ 0.00%, 79.35%], 0 / 1 hits; 75% resist: 100.00%, [20.65%, 100.00%], 1 / 1 hits"
Fireball,7,40,3,6,10,2,138,21,"Hits: 13.21%, [ 8.80%, 19.35%], 21 / 159 attacks; Misses: 86.79%, [80.65%, 91.20%], 138 / 159 attacks; 0% resist: 14.29%, [ 4.98%, 34.64%], 3 / 21 hits; 25% resist: 28.57%, [13.81%, 49.96%], 6 / 21 hits; 50% resist: 47.62%, [28.34%, 67.63%], 10 / 21 hits; 75% resist:  9.52%, [ 2.65%, 28.91%], 2 / 21 hits"
Fireball,7,50,0,7,9,4,255,20,"Hits:  7.27%, [ 4.76%, 10.97%], 20 / 275 attacks; Misses: 92.73%, [89.03%, 95.24%], 255 / 275 attacks; 0% resist:  0.00%, [ 0.00%, 16.11%], 0 / 20 hits; 25% resist: 35.00%, [18.12%, 56.71%], 7 / 20 hits; 50% resist: 45.00%, [25.82%, 65.79%], 9 / 20 hits; 75% resist: 20.00%, [ 8.07%, 41.60%], 4 / 20 hits"
Fireball,7,68,0,1,8,1,75,10,"Hits: 11.76%, [ 6.52%, 20.32%], 10 / 85 attacks; Misses: 88.24%, [79.68%, 93.48%], 75 / 85 attacks; 0% resist:  0.00%, [ 0.00%, 27.75%], 0 / 10 hits; 25% resist: 10.00%, [ 1.79%, 40.42%], 1 / 10 hits; 50% resist: 80.00%, [49.02%, 94.33%], 8 / 10 hits; 75% resist: 10.00%, [ 1.79%, 40.42%], 1 / 10 hits"
Fireball,8,0,4,0,0,0,17,4,"Hits: 19.05%, [ 7.67%, 40.00%], 4 / 21 attacks; Misses: 80.95%, [60.00%, 92.33%], 17 / 21 attacks; 0% resist: 100.00%, [51.01%, 100.00%], 4 / 4 hits; 25% resist:  0.00%, [ 0.00%, 48.99%], 0 / 4 hits; 50% resist:  0.00%, [ 0.00%, 48.99%], 0 / 4 hits; 75% resist:  0.00%, [ 0.00%, 48.99%], 0 / 4 hits"
Fireball,8,40,4,9,0,0,166,13,"Hits:  7.26%, [ 4.29%, 12.03%], 13 / 179 attacks; Misses: 92.74%, [87.97%, 95.71%], 166 / 179 attacks; 0% resist: 30.77%, [12.68%, 57.63%], 4 / 13 hits; 25% resist: 69.23%, [42.37%, 87.32%], 9 / 13 hits; 50% resist:  0.00%, [ 0.00%, 22.81%], 0 / 13 hits; 75% resist:  0.00%, [ 0.00%, 22.81%], 0 / 13 hits"
Fireball,8,50,7,25,19,15,673,66,"Hits:  8.93%, [ 7.08%, 11.21%], 66 / 739 attacks; Misses: 91.07%, [88.79%, 92.92%], 673 / 739 attacks; 0% resist: 10.61%, [ 5.23%, 20.31%], 7 / 66 hits; 25% resist: 37.88%, [27.15%, 49.94%], 25 / 66 hits; 50% resist: 28.79%, [19.27%, 40.64%], 19 / 66 hits; 75% resist: 22.73%, [14.29%, 34.17%], 15 / 66 hits"
Fireball,8,68,0,1,4,1,90,6,"Hits:  6.25%, [ 2.90%, 12.97%], 6 / 96 attacks; Misses: 93.75%, [87.03%, 97.10%], 90 / 96 attacks; 0% resist:  0.00%, [ 0.00%, 39.03%], 0 / 6 hits; 25% resist: 16.67%, [ 3.01%, 56.35%], 1 / 6 hits; 50% resist: 66.67%, [30.00%, 90.32%], 4 / 6 hits; 75% resist: 16.67%, [ 3.01%, 56.35%], 1 / 6 hits"
Fireball,14,66,0,3,3,2,32,8,"Hits: 20.00%, [10.50%, 34.76%], 8 / 40 attacks; Misses: 80.00%, [65.24%, 89.50%], 32 / 40 attacks; 0% resist:  0.00%, [ 0.00%, 32.44%], 0 / 8 hits; 25% resist: 37.50%, [13.68%, 69.43%], 3 / 8 hits; 50% resist: 37.50%, [13.68%, 69.43%], 3 / 8 hits; 75% resist: 25.00%, [ 7.15%, 59.07%], 2 / 8 hits"
Fireball,15,66,0,1,0,1,9,2,"Hits: 18.18%, [ 5.14%, 47.70%], 2 / 11 attacks; Misses: 81.82%, [52.30%, 94.86%], 9 / 11 attacks; 0% resist:  0.00%, [ 0.00%, 65.76%], 0 / 2 hits; 25% resist: 50.00%, [ 9.45%, 90.55%], 1 / 2 hits; 50% resist:  0.00%, [ 0.00%, 65.76%], 0 / 2 hits; 75% resist: 50.00%, [ 9.45%, 90.55%], 1 / 2 hits"
Fireball,17,0,4,0,0,0,37,4,"Hits:  9.76%, [ 3.86%, 22.55%], 4 / 41 attacks; Misses: 90.24%, [77.45%, 96.14%], 37 / 41 attacks; 0% resist: 100.00%, [51.01%, 100.00%], 4 / 4 hits; 25% resist:  0.00%, [ 0.00%, 48.99%], 0 / 4 hits; 50% resist:  0.00%, [ 0.00%, 48.99%], 0 / 4 hits; 75% resist:  0.00%, [ 0.00%, 48.99%], 0 / 4 hits"
Fireball,17,30,31,39,14,6,670,90,"Hits: 11.84%, [ 9.73%, 14.33%], 90 / 760 attacks; Misses: 88.16%, [85.67%, 90.27%], 670 / 760 attacks; 0% resist: 34.44%, [25.45%, 44.72%], 31 / 90 hits; 25% resist: 43.33%, [33.58%, 53.64%], 39 / 90 hits; 50% resist: 15.56%, [ 9.50%, 24.43%], 14 / 90 hits; 75% resist:  6.67%, [ 3.09%, 13.79%], 6 / 90 hits"
Fireball,17,63,2,30,62,28,1272,122,"Hits:  8.75%, [ 7.38%, 10.35%], 122 / 1394 attacks; Misses: 91.25%, [89.65%, 92.62%], 1272 / 1394 attacks; 0% resist:  1.64%, [ 0.45%,  5.78%], 2 / 122 hits; 25% resist: 24.59%, [17.80%, 32.93%], 30 / 122 hits; 50% resist: 50.82%, [42.06%, 59.53%], 62 / 122 hits; 75% resist: 22.95%, [16.38%, 31.17%], 28 / 122 hits"
Fireball,17,64,4,13,29,14,590,60,"Hits:  9.23%, [ 7.24%, 11.70%], 60 / 650 attacks; Misses: 90.77%, [88.30%, 92.76%], 590 / 650 attacks; 0% resist:  6.67%, [ 2.62%, 15.93%], 4 / 60 hits; 25% resist: 21.67%, [13.12%, 33.62%], 13 / 60 hits; 50% resist: 48.33%, [36.17%, 60.69%], 29 / 60 hits; 75% resist: 23.33%, [14.44%, 35.44%], 14 / 60 hits"
Fireball,17,66,0,13,31,20,474,64,"Hits: 11.90%, [ 9.43%, 14.91%], 64 / 538 attacks; Misses: 88.10%, [85.09%, 90.57%], 474 / 538 attacks; 0% resist:  0.00%, [ 0.00%,  5.66%], 0 / 64 hits; 25% resist: 20.31%, [12.27%, 31.71%], 13 / 64 hits; 50% resist: 48.44%, [36.63%, 60.42%], 31 / 64 hits; 75% resist: 31.25%, [21.23%, 43.39%], 20 / 64 hits"
Fireball,17,67,0,44,145,62,2384,251,"Hits:  9.53%, [ 8.46%, 10.71%], 251 / 2635 attacks; Misses: 90.47%, [89.29%, 91.54%], 2384 / 2635 attacks; 0% resist:  0.00%, [ 0.00%,  1.51%], 0 / 251 hits; 25% resist: 17.53%, [13.33%, 22.71%], 44 / 251 hits; 50% resist: 57.77%, [51.59%, 63.72%], 145 / 251 hits; 75% resist: 24.70%, [19.77%, 30.39%], 62 / 251 hits"
Fireball,17,68,0,63,178,89,2914,330,"Hits: 10.17%, [ 9.18%, 11.26%], 330 / 3244 attacks; Misses: 89.83%, [88.74%, 90.82%], 2914 / 3244 attacks; 0% resist:  0.00%, [ 0.00%,  1.15%], 0 / 330 hits; 25% resist: 19.09%, [15.22%, 23.68%], 63 / 330 hits; 50% resist: 53.94%, [48.55%, 59.24%], 178 / 330 hits; 75% resist: 26.97%, [22.47%, 32.00%], 89 / 330 hits"
Fireball,17,90,0,2,21,34,580,57,"Hits:  8.95%, [ 6.97%, 11.42%], 57 / 637 attacks; Misses: 91.05%, [88.58%, 93.03%], 580 / 637 attacks; 0% resist:  0.00%, [ 0.00%,  6.31%], 0 / 57 hits; 25% resist:  3.51%, [ 0.97%, 11.92%], 2 / 57 hits; 50% resist: 36.84%, [25.52%, 49.82%], 21 / 57 hits; 75% resist: 59.65%, [46.70%, 71.38%], 34 / 57 hits"
Fireball,18,0,42,0,0,0,340,42,"Hits: 10.99%, [ 8.24%, 14.53%], 42 / 382 attacks; Misses: 89.01%, [85.47%, 91.76%], 340 / 382 attacks; 0% resist: 100.00%, [91.62%, 100.00%], 42 / 42 hits; 25% resist:  0.00%, [ 0.00%,  8.38%], 0 / 42 hits; 50% resist:  0.00%, [ 0.00%,  8.38%], 0 / 42 hits; 75% resist:  0.00%, [ 0.00%,  8.38%], 0 / 42 hits"
Fireball,18,30,23,27,7,1,441,58,"Hits: 11.62%, [ 9.10%, 14.73%], 58 / 499 attacks; Misses: 88.38%, [85.27%, 90.90%], 441 / 499 attacks; 0% resist: 39.66%, [28.09%, 52.51%], 23 / 58 hits; 25% resist: 46.55%, [34.33%, 59.20%], 27 / 58 hits; 50% resist: 12.07%, [ 5.97%, 22.88%], 7 / 58 hits; 75% resist:  1.72%, [ 0.30%,  9.14%], 1 / 58 hits"
Fireball,18,63,0,20,42,16,596,78,"Hits: 11.57%, [ 9.37%, 14.21%], 78 / 674 attacks; Misses: 88.43%, [85.79%, 90.63%], 596 / 674 attacks; 0% resist:  0.00%, [ 0.00%,  4.69%], 0 / 78 hits; 25% resist: 25.64%, [17.26%, 36.31%], 20 / 78 hits; 50% resist: 53.85%, [42.86%, 64.47%], 42 / 78 hits; 75% resist: 20.51%, [13.04%, 30.75%], 16 / 78 hits"
Fireball,18,64,4,24,46,20,915,94,"Hits:  9.32%, [ 7.67%, 11.27%], 94 / 1009 attacks; Misses: 90.68%, [88.73%, 92.33%], 915 / 1009 attacks; 0% resist:  4.26%, [ 1.67%, 10.44%], 4 / 94 hits; 25% resist: 25.53%, [17.80%, 35.19%], 24 / 94 hits; 50% resist: 48.94%, [39.07%, 58.88%], 46 / 94 hits; 75% resist: 21.28%, [14.22%, 30.59%], 20 / 94 hits"
Fireball,18,66,1,7,27,11,506,46,"Hits:  8.33%, [ 6.31%, 10.94%], 46 / 552 attacks; Misses: 91.67%, [89.06%, 93.69%], 506 / 552 attacks; 0% resist:  2.17%, [ 0.38%, 11.34%], 1 / 46 hits; 25% resist: 15.22%, [ 7.57%, 28.22%], 7 / 46 hits; 50% resist: 58.70%, [44.34%, 71.71%], 27 / 46 hits; 75% resist: 23.91%, [13.91%, 37.94%], 11 / 46 hits"
Fireball,18,67,0,41,102,50,1639,193,"Hits: 10.53%, [ 9.21%, 12.02%], 193 / 1832 attacks; Misses: 89.47%, [87.98%, 90.79%], 1639 / 1832 attacks; 0% resist:  0.00%, [ 0.00%,  1.95%], 0 / 193 hits; 25% resist: 21.24%, [16.06%, 27.55%], 41 / 193 hits; 50% resist: 52.85%, [45.82%, 59.77%], 102 / 193 hits; 75% resist: 25.91%, [20.24%, 32.52%], 50 / 193 hits"
Fireball,18,68,0,53,141,70,2336,264,"Hits: 10.15%, [ 9.05%, 11.37%], 264 / 2600 attacks; Misses: 89.85%, [88.63%, 90.95%], 2336 / 2600 attacks; 0% resist:  0.00%, [ 0.00%,  1.43%], 0 / 264 hits; 25% resist: 20.08%, [15.69%, 25.32%], 53 / 264 hits; 50% resist: 53.41%, [47.39%, 59.33%], 141 / 264 hits; 75% resist: 26.52%, [21.55%, 32.15%], 70 / 264 hits"
Fireball,18,90,0,0,7,7,106,14,"Hits: 11.67%, [ 7.08%, 18.63%], 14 / 120 attacks; Misses: 88.33%, [81.37%, 92.92%], 106 / 120 attacks; 0% resist:  0.00%, [ 0.00%, 21.53%], 0 / 14 hits; 25% resist:  0.00%, [ 0.00%, 21.53%], 0 / 14 hits; 50% resist: 50.00%, [26.80%, 73.20%], 7 / 14 hits; 75% resist: 50.00%, [26.80%, 73.20%], 7 / 14 hits"
Fireball,18,98,0,5,23,113,1452,141,"Hits:  8.85%, [ 7.55%, 10.35%], 141 / 1593 attacks; Misses: 91.15%, [89.65%, 92.45%], 1452 / 1593 attacks; 0% resist:  0.00%, [ 0.00%,  2.65%], 0 / 141 hits; 25% resist:  3.55%, [ 1.52%,  8.03%], 5 / 141 hits; 50% resist: 16.31%, [11.12%, 23.29%], 23 / 141 hits; 75% resist: 80.14%, [72.80%, 85.89%], 113 / 141 hits"
Fireball,18,120,0,1,4,22,229,27,"Hits: 10.55%, [ 7.35%, 14.91%], 27 / 256 attacks; Misses: 89.45%, [85.09%, 92.65%], 229 / 256 attacks; 0% resist:  0.00%, [ 0.00%, 12.46%], 0 / 27 hits; 25% resist:  3.70%, [ 0.66%, 18.28%], 1 / 27 hits; 50% resist: 14.81%, [ 5.92%, 32.48%], 4 / 27 hits; 75% resist: 81.48%, [63.30%, 91.82%], 22 / 27 hits"
Fireball,26,143,0,0,1,2,45,3,"Hits:  6.25%, [ 2.15%, 16.84%], 3 / 48 attacks; Misses: 93.75%, [83.16%, 97.85%], 45 / 48 attacks; 0% resist:  0.00%, [ 0.00%, 56.15%], 0 / 3 hits; 25% resist:  0.00%, [ 0.00%, 56.15%], 0 / 3 hits; 50% resist: 33.33%, [ 6.15%, 79.23%], 1 / 3 hits; 75% resist: 66.67%, [20.77%, 93.85%], 2 / 3 hits"
Fireball,27,143,0,1,0,5,44,6,"Hits: 12.00%, [ 5.62%, 23.81%], 6 / 50 attacks; Misses: 88.00%, [76.19%, 94.38%], 44 / 50 attacks; 0% resist:  0.00%, [ 0.00%, 39.03%], 0 / 6 hits; 25% resist: 16.67%, [ 3.01%, 56.35%], 1 / 6 hits; 50% resist:  0.00%, [ 0.00%, 39.03%], 0 / 6 hits; 75% resist: 83.33%, [43.65%, 96.99%], 5 / 6 hits"
Immolate,23,76,0,0,7,2,93,9,"Hits:  8.82%, [ 4.71%, 15.92%], 9 / 102 attacks; Misses: 91.18%, [84.08%, 95.29%], 93 / 102 attacks; 0% resist:  0.00%, [ 0.00%, 29.92%], 0 / 9 hits; 25% resist:  0.00%, [ 0.00%, 29.92%], 0 / 9 hits; 50% resist: 77.78%, [45.26%, 93.68%], 7 / 9 hits; 75% resist: 22.22%, [ 6.32%, 54.74%], 2 / 9 hits"
Immolate,24,0,4,0,0,0,17,4,"Hits: 19.05%, [ 7.67%, 40.00%], 4 / 21 attacks; Misses: 80.95%, [60.00%, 92.33%], 17 / 21 attacks; 0% resist: 100.00%, [51.01%, 100.00%], 4 / 4 hits; 25% resist:  0.00%, [ 0.00%, 48.99%], 0 / 4 hits; 50% resist:  0.00%, [ 0.00%, 48.99%], 0 / 4 hits; 75% resist:  0.00%, [ 0.00%, 48.99%], 0 / 4 hits"
Immolate,24,40,0,1,0,0,32,1,"Hits:  3.03%, [ 0.54%, 15.32%], 1 / 33 attacks; Misses: 96.97%, [84.68%, 99.46%], 32 / 33 attacks; 0% resist:  0.00%, [ 0.00%, 79.35%], 0 / 1 hits; 25% resist: 100.00%, [20.65%, 100.00%], 1 / 1 hits; 50% resist:  0.00%, [ 0.00%, 79.35%], 0 / 1 hits; 75% resist:  0.00%, [ 0.00%, 79.35%], 0 / 1 hits"
Immolate,24,86,0,0,2,2,48,4,"Hits:  7.69%, [ 3.03%, 18.17%], 4 / 52 attacks; Misses: 92.31%, [81.83%, 96.97%], 48 / 52 attacks; 0% resist:  0.00%, [ 0.00%, 48.99%], 0 / 4 hits; 25% resist:  0.00%, [ 0.00%, 48.99%], 0 / 4 hits; 50% resist: 50.00%, [15.00%, 85.00%], 2 / 4 hits; 75% resist: 50.00%, [15.00%, 85.00%], 2 / 4 hits"
Melee,23,76,14,232,549,230,161,1025,"Hits: 86.42%, [84.36%, 88.26%], 1025 / 1186 attacks; Misses: 13.58%, [11.74%, 15.64%], 161 / 1186 attacks; 0% resist:  1.37%, [ 0.82%,  2.28%], 14 / 1025 hits; 25% resist: 22.63%, [20.18%, 25.30%], 232 / 1025 hits; 50% resist: 53.56%, [50.50%, 56.60%], 549 / 1025 hits; 75% resist: 22.44%, [19.99%, 25.09%], 230 / 1025 hits"
Melee,23,143,0,2,1,12,2,15,"Hits: 88.24%, [65.66%, 96.71%], 15 / 17 attacks; Misses: 11.76%, [ 3.29%, 34.34%], 2 / 17 attacks; 0% resist:  0.00%, [ 0.00%, 20.39%], 0 / 15 hits; 25% resist: 13.33%, [ 3.74%, 37.88%], 2 / 15 hits; 50% resist:  6.67%, [ 1.19%, 29.82%], 1 / 15 hits; 75% resist: 80.00%, [54.81%, 92.95%], 12 / 15 hits"
Melee,24,0,204,0,0,0,24,204,"Hits: 89.47%, [84.82%, 92.82%], 204 / 228 attacks; Misses: 10.53%, [ 7.18%, 15.18%], 24 / 228 attacks; 0% resist: 100.00%, [98.15%, 100.00%], 204 / 204 hits; 25% resist:  0.00%, [ 0.00%,  1.85%], 0 / 204 hits; 50% resist:  0.00%, [ 0.00%,  1.85%], 0 / 204 hits; 75% resist:  0.00%, [ 0.00%,  1.85%], 0 / 204 hits"
Melee,24,40,69,165,55,16,50,305,"Hits: 85.92%, [81.91%, 89.15%], 305 / 355 attacks; Misses: 14.08%, [10.85%, 18.09%], 50 / 355 attacks; 0% resist: 22.62%, [18.28%, 27.64%], 69 / 305 hits; 25% resist: 54.10%, [48.49%, 59.61%], 165 / 305 hits; 50% resist: 18.03%, [14.12%, 22.74%], 55 / 305 hits; 75% resist:  5.25%, [ 3.25%,  8.35%], 16 / 305 hits"
Melee,24,85,0,69,182,112,62,363,"Hits: 85.41%, [81.74%, 88.45%], 363 / 425 attacks; Misses: 14.59%, [11.55%, 18.26%], 62 / 425 attacks; 0% resist:  0.00%, [ 0.00%,  1.05%], 0 / 363 hits; 25% resist: 19.01%, [15.30%, 23.36%], 69 / 363 hits; 50% resist: 50.14%, [45.02%, 55.25%], 182 / 363 hits; 75% resist: 30.85%, [26.32%, 35.79%], 112 / 363 hits"
Melee,24,86,0,142,455,244,135,841,"Hits: 86.17%, [83.86%, 88.19%], 841 / 976 attacks; Misses: 13.83%, [11.81%, 16.14%], 135 / 976 attacks; 0% resist:  0.00%, [ 0.00%,  0.45%], 0 / 841 hits; 25% resist: 16.88%, [14.50%, 19.57%], 142 / 841 hits; 50% resist: 54.10%, [50.72%, 57.44%], 455 / 841 hits; 75% resist: 29.01%, [26.05%, 32.17%], 244 / 841 hits"
Melee,24,143,0,0,6,40,6,46,"Hits: 88.46%, [77.03%, 94.60%], 46 / 52 attacks; Misses: 11.54%, [ 5.40%, 22.97%], 6 / 52 attacks; 0% resist:  0.00%, [ 0.00%,  7.71%], 0 / 46 hits; 25% resist:  0.00%, [ 0.00%,  7.71%], 0 / 46 hits; 50% resist: 13.04%, [ 6.12%, 25.67%], 6 / 46 hits; 75% resist: 86.96%, [74.33%, 93.88%], 40 / 46 hits"
Melee,25,143,0,2,0,9,3,11,"Hits: 78.57%, [52.41%, 92.43%], 11 / 14 attacks; Misses: 21.43%, [ 7.57%, 47.59%], 3 / 14 attacks; 0% resist:  0.00%, [ 0.00%, 25.88%], 0 / 11 hits; 25% resist: 18.18%, [ 5.14%, 47.70%], 2 / 11 hits; 50% resist:  0.00%, [ 0.00%, 25.88%], 0 / 11 hits; 75% resist: 81.82%, [52.30%, 94.86%], 9 / 11 hits"
Melee,26,143,0,8,34,159,24,201,"Hits: 89.33%, [84.62%, 92.73%], 201 / 225 attacks; Misses: 10.67%, [ 7.27%, 15.38%], 24 / 225 attacks; 0% resist:  0.00%, [ 0.00%,  1.88%], 0 / 201 hits; 25% resist:  3.98%, [ 2.03%,  7.66%], 8 / 201 hits; 50% resist: 16.92%, [12.36%, 22.71%], 34 / 201 hits; 75% resist: 79.10%, [72.96%, 84.15%], 159 / 201 hits"
Melee,27,15,272,97,18,6,63,393,"Hits: 86.18%, [82.71%, 89.05%], 393 / 456 attacks; Misses: 13.82%, [10.95%, 17.29%], 63 / 456 attacks; 0% resist: 69.21%, [64.48%, 73.57%], 272 / 393 hits; 25% resist: 24.68%, [20.68%, 29.18%], 97 / 393 hits; 50% resist:  4.58%, [ 2.92%,  7.12%], 18 / 393 hits; 75% resist:  1.53%, [ 0.70%,  3.29%], 6 / 393 hits"
Melee,27,21,127,49,23,1,53,200,"Hits: 79.05%, [73.62%, 83.61%], 200 / 253 attacks; Misses: 20.95%, [16.39%, 26.38%], 53 / 253 attacks; 0% resist: 63.50%, [56.63%, 69.86%], 127 / 200 hits; 25% resist: 24.50%, [19.06%, 30.90%], 49 / 200 hits; 50% resist: 11.50%, [ 7.79%, 16.66%], 23 / 200 hits; 75% resist:  0.50%, [ 0.09%,  2.78%], 1 / 200 hits"
Melee,27,44,397,883,305,70,226,1655,"Hits: 87.99%, [86.44%, 89.38%], 1655 / 1881 attacks; Misses: 12.01%, [10.62%, 13.56%], 226 / 1881 attacks; 0% resist: 23.99%, [21.99%, 26.10%], 397 / 1655 hits; 25% resist: 53.35%, [50.94%, 55.75%], 883 / 1655 hits; 50% resist: 18.43%, [16.63%, 20.37%], 305 / 1655 hits; 75% resist:  4.23%, [ 3.36%,  5.31%], 70 / 1655 hits"
Melee,27,45,251,577,167,35,153,1030,"Hits: 87.07%, [85.03%, 88.86%], 1030 / 1183 attacks; Misses: 12.93%, [11.14%, 14.97%], 153 / 1183 attacks; 0% resist: 24.37%, [21.85%, 27.08%], 251 / 1030 hits; 25% resist: 56.02%, [52.97%, 59.02%], 577 / 1030 hits; 50% resist: 16.21%, [14.09%, 18.59%], 167 / 1030 hits; 75% resist:  3.40%, [ 2.45%,  4.69%], 35 / 1030 hits"
Melee,27,46,182,462,126,45,184,815,"Hits: 81.58%, [79.06%, 83.86%], 815 / 999 attacks; Misses: 18.42%, [16.14%, 20.94%], 184 / 999 attacks; 0% resist: 22.33%, [19.61%, 25.32%], 182 / 815 hits; 25% resist: 56.69%, [53.26%, 60.05%], 462 / 815 hits; 50% resist: 15.46%, [13.14%, 18.10%], 126 / 815 hits; 75% resist:  5.52%, [ 4.15%,  7.31%], 45 / 815 hits"
Melee,27,89,3,64,131,45,27,243,"Hits: 90.00%, [85.84%, 93.04%], 243 / 270 attacks; Misses: 10.00%, [ 6.96%, 14.16%], 27 / 270 attacks; 0% resist:  1.23%, [ 0.42%,  3.57%], 3 / 243 hits; 25% resist: 26.34%, [21.20%, 32.21%], 64 / 243 hits; 50% resist: 53.91%, [47.63%, 60.07%], 131 / 243 hits; 75% resist: 18.52%, [14.14%, 23.88%], 45 / 243 hits"
Melee,27,90,0,249,663,304,173,1216,"Hits: 87.54%, [85.70%, 89.18%], 1216 / 1389 attacks; Misses: 12.46%, [10.82%, 14.30%], 173 / 1389 attacks; 0% resist:  0.00%, [ 0.00%,  0.31%], 0 / 1216 hits; 25% resist: 20.48%, [18.30%, 22.84%], 249 / 1216 hits; 50% resist: 54.52%, [51.71%, 57.30%], 663 / 1216 hits; 75% resist: 25.00%, [22.65%, 27.51%], 304 / 1216 hits"
Melee,27,91,0,212,568,245,140,1025,"Hits: 87.98%, [85.99%, 89.73%], 1025 / 1165 attacks; Misses: 12.02%, [10.27%, 14.01%], 140 / 1165 attacks; 0% resist:  0.00%, [ 0.00%,  0.37%], 0 / 1025 hits; 25% resist: 20.68%, [18.31%, 23.27%], 212 / 1025 hits; 50% resist: 55.41%, [52.36%, 58.43%], 568 / 1025 hits; 75% resist: 23.90%, [21.39%, 26.61%], 245 / 1025 hits"
Melee,27,143,0,9,31,178,21,218,"Hits: 91.21%, [86.94%, 94.18%], 218 / 239 attacks; Misses:  8.79%, [ 5.82%, 13.06%], 21 / 239 attacks; 0% resist:  0.00%, [ 0.00%,  1.73%], 0 / 218 hits; 25% resist:  4.13%, [ 2.19%,  7.66%], 9 / 218 hits; 50% resist: 14.22%, [10.20%, 19.48%], 31 / 218 hits; 75% resist: 81.65%, [75.98%, 86.23%], 178 / 218 hits"
Melee,28,45,15,35,12,2,10,64,"Hits: 86.49%, [76.88%, 92.49%], 64 / 74 attacks; Misses: 13.51%, [ 7.51%, 23.12%], 10 / 74 attacks; 0% resist: 23.44%, [14.75%, 35.13%], 15 / 64 hits; 25% resist: 54.69%, [42.57%, 66.27%], 35 / 64 hits; 50% resist: 18.75%, [11.06%, 29.97%], 12 / 64 hits; 75% resist:  3.12%, [ 0.86%, 10.70%], 2 / 64 hits"
Melee,28,46,50,125,24,7,27,206,"Hits: 88.41%, [83.67%, 91.91%], 206 / 233 attacks; Misses: 11.59%, [ 8.09%, 16.33%], 27 / 233 attacks; 0% resist: 24.27%, [18.92%, 30.56%], 50 / 206 hits; 25% resist: 60.68%, [53.87%, 67.10%], 125 / 206 hits; 50% resist: 11.65%, [ 7.96%, 16.75%], 24 / 206 hits; 75% resist:  3.40%, [ 1.66%,  6.85%], 7 / 206 hits"
Melee,28,93,11,254,572,264,157,1101,"Hits: 87.52%, [85.58%, 89.23%], 1101 / 1258 attacks; Misses: 12.48%, [10.77%, 14.42%], 157 / 1258 attacks; 0% resist:  1.00%, [ 0.56%,  1.78%], 11 / 1101 hits; 25% resist: 23.07%, [20.68%, 25.65%], 254 / 1101 hits; 50% resist: 51.95%, [49.00%, 54.89%], 572 / 1101 hits; 75% resist: 23.98%, [21.55%, 26.59%], 264 / 1101 hits"
Melee,28,94,0,207,600,247,128,1054,"Hits: 89.17%, [87.27%, 90.82%], 1054 / 1182 attacks; Misses: 10.83%, [ 9.18%, 12.73%], 128 / 1182 attacks; 0% resist:  0.00%, [ 0.00%,  0.36%], 0 / 1054 hits; 25% resist: 19.64%, [17.35%, 22.15%], 207 / 1054 hits; 50% resist: 56.93%, [53.92%, 59.89%], 600 / 1054 hits; 75% resist: 23.43%, [20.98%, 26.09%], 247 / 1054 hits"
Melee,29,15,78,14,2,1,11,95,"Hits: 89.62%, [82.37%, 94.11%], 95 / 106 attacks; Misses: 10.38%, [ 5.89%, 17.63%], 11 / 106 attacks; 0% resist: 82.11%, [73.20%, 88.52%], 78 / 95 hits; 25% resist: 14.74%, [ 8.99%, 23.23%], 14 / 95 hits; 50% resist:  2.11%, [ 0.58%,  7.35%], 2 / 95 hits; 75% resist:  1.05%, [ 0.19%,  5.72%], 1 / 95 hits"
Melee,29,45,0,0,1,0,0,1,"Hits: 100.00%, [20.65%, 100.00%], 1 / 1 attacks; Misses:  0.00%, [ 0.00%, 79.35%], 0 / 1 attacks; 0% resist:  0.00%, [ 0.00%, 79.35%], 0 / 1 hits; 25% resist:  0.00%, [ 0.00%, 79.35%], 0 / 1 hits; 50% resist: 100.00%, [20.65%, 100.00%], 1 / 1 hits; 75% resist:  0.00%, [ 0.00%, 79.35%], 0 / 1 hits"
Melee,29,46,7,14,8,1,5,30,"Hits: 85.71%, [70.62%, 93.74%], 30 / 35 attacks; Misses: 14.29%, [ 6.26%, 29.38%], 5 / 35 attacks; 0% resist: 23.33%, [11.79%, 40.93%], 7 / 30 hits; 25% resist: 46.67%, [30.23%, 63.86%], 14 / 30 hits; 50% resist: 26.67%, [14.18%, 44.45%], 8 / 30 hits; 75% resist:  3.33%, [ 0.59%, 16.67%], 1 / 30 hits"
